{
  "state_accuracy": 0.879,
  "logloss": 0.42,
  "wallet_mae": 0.030842333333333336,
  "wallet_rmse": 0.036567244594339104,
  "wallet_correlation": 0.9810027611082363,
  "state_metrics": {
    "STAY": {
      "precision": 0.99217037269026,
      "recall": 0.8804891606448026,
      "f1": 0.9329995582388456
    },
    "SPLIT": {
      "precision": 0.5456475583864119,
      "recall": 0.8711864406779661,
      "f1": 0.6710182767624021
    },
    "LEAVE": {
      "precision": 0.2708333333333333,
      "recall": 0.8504672897196262,
      "f1": 0.4108352144469526
    }
  }
}